Residue_Index,pLDDT
1,0.8841466903686523
2,0.9601659774780273
3,0.9660341143608093
4,0.9587187767028809
5,0.9544247388839722
6,0.9720096588134766
7,0.9680415391921997
8,0.9752199649810791
9,0.970163881778717
10,0.9733989238739014
11,0.9670150279998779
12,0.9708696603775024
13,0.9650288224220276
14,0.9584016799926758
15,0.9601943492889404
16,0.9574546813964844
17,0.9553936123847961
18,0.9624922275543213
19,0.9584368467330933
20,0.9554088115692139
21,0.9546321630477905
22,0.9593268632888794
23,0.9455360174179077
24,0.9284266233444214
25,0.9339290857315063
26,0.9546256065368652
27,0.9509421586990356
28,0.955664873123169
29,0.954084575176239
30,0.936977744102478
31,0.938413143157959
32,0.9557088017463684
33,0.9540860652923584
34,0.956550657749176
35,0.9514985084533691
36,0.9560543298721313
37,0.9594796895980835
38,0.9564379453659058
39,0.9474221467971802
40,0.9535267353057861
41,0.9496347308158875
42,0.9495598077774048
43,0.936619222164154
44,0.9227263927459717
45,0.9269624352455139
46,0.9410728216171265
47,0.9351950287818909
48,0.9468857049942017
49,0.9508680701255798
50,0.9623267650604248
51,0.9671832323074341
52,0.9619144797325134
53,0.9606959819793701
54,0.9606207609176636
55,0.967778205871582
56,0.967557430267334
57,0.959472119808197
58,0.9593813419342041
59,0.9670016765594482
60,0.9594942331314087
61,0.9531480073928833
62,0.9539937376976013
63,0.9536769986152649
64,0.9323760271072388
65,0.912388801574707
66,0.8901509046554565
67,0.8043539524078369
68,0.6436372399330139
69,0.700192928314209
70,0.7622958421707153
71,0.853678822517395
72,0.9081758856773376
73,0.9253305792808533
74,0.9324549436569214
75,0.9359323978424072
76,0.9452252388000488
77,0.953993558883667
78,0.9672327041625977
79,0.9649066925048828
80,0.9568172693252563
81,0.9531108736991882
82,0.9514735341072083
83,0.9578231573104858
84,0.9603811502456665
85,0.9423556327819824
86,0.9576919078826904
87,0.9600871801376343
88,0.9648293852806091
89,0.9623509645462036
90,0.9652773141860962
91,0.9520689845085144
92,0.9443613290786743
93,0.9343809485435486
94,0.9330884218215942
95,0.9399884343147278
96,0.9533652067184448
97,0.9490100145339966
98,0.9329949021339417
99,0.9423401951789856
100,0.9490320086479187
101,0.9385156035423279
102,0.9277330636978149
103,0.9475293159484863
104,0.9535898566246033
105,0.9483457803726196
106,0.9577304124832153
107,0.9640517234802246
108,0.9705691337585449
109,0.9710149168968201
110,0.9750815629959106
111,0.968488335609436
112,0.962460994720459
113,0.9395286440849304
114,0.9289153814315796
115,0.9084466695785522
116,0.9485905170440674
117,0.9692110419273376
118,0.97032630443573
119,0.9753443002700806
120,0.97565758228302
121,0.9768700003623962
122,0.9746278524398804
123,0.9740598201751709
124,0.9666100740432739
125,0.9671236276626587
126,0.9560201168060303
127,0.9203287959098816
